" ";" ";" ";"I alt";"0-4 år";"5-9 år";"10-14 år";"15-19 år";"20-24 år";"25-29 år";"30-34 år";"35-39 år";"40-44 år";"45-49 år";"50-54 år";"55-59 år";"60-64 år";"65-69 år";"70-74 år";"75-79 år";"80-84 år";"85-89 år";"90-94 år";"95-99 år";"100 år og derover"
"2020U01"
" ";"I alt"
" ";" ";"Hele landet";1117;4;1;1;0;4;5;1;3;4;11;18;38;63;107;130;151;158;218;134;54;12
"2020U02"
" ";"I alt"
" ";" ";"Hele landet";1150;1;0;0;0;0;3;4;7;12;17;33;29;64;76;142;144;184;197;152;66;19
"2020U03"
" ";"I alt"
" ";" ";"Hele landet";1071;3;0;2;0;1;4;5;7;8;13;17;26;50;95;124;160;164;162;153;62;15
"2020U04"
" ";"I alt"
" ";" ";"Hele landet";1033;10;0;2;0;2;2;4;1;5;9;21;32;62;77;131;153;156;153;135;62;16
"2020U05"
" ";"I alt"
" ";" ";"Hele landet";1094;12;0;1;4;4;4;0;4;5;17;35;44;60;81;123;149;180;168;137;56;10
"2020U06"
" ";"I alt"
" ";" ";"Hele landet";1079;3;1;0;3;1;6;5;3;3;12;29;46;47;87;113;176;171;171;141;56;5
"2020U07"
" ";"I alt"
" ";" ";"Hele landet";1059;3;1;1;2;1;5;3;2;7;8;28;30;53;80;125;148;178;172;140;60;12
"2020U08"
" ";"I alt"
" ";" ";"Hele landet";1034;0;1;0;2;1;2;0;6;9;18;26;43;55;97;115;151;136;165;139;55;13
"2020U09"
" ";"I alt"
" ";" ";"Hele landet";1025;5;0;0;1;3;5;4;2;5;11;21;36;42;76;139;155;141;191;134;43;11
"2020U10"
" ";"I alt"
" ";" ";"Hele landet";1061;2;2;0;2;2;3;0;2;10;14;20;40;59;80;120;155;177;154;142;65;12
"2020U11"
" ";"I alt"
" ";" ";"Hele landet";1066;4;1;2;2;2;3;1;9;5;11;17;35;64;105;125;169;157;170;121;52;11
"2020U12"
" ";"I alt"
" ";" ";"Hele landet";1140;2;1;2;1;1;2;4;4;12;11;23;32;53;86;134;178;191;210;132;53;8
"2020U13"
" ";"I alt"
" ";" ";"Hele landet";1112;2;0;0;2;2;0;1;3;5;11;16;36;53;77;141;154;197;190;165;52;5
"2020U14"
" ";"I alt"
" ";" ";"Hele landet";1156;3;0;0;0;3;4;2;3;5;19;23;32;57;86;150;197;194;181;132;55;10
"2020U15"
" ";"I alt"
" ";" ";"Hele landet";1143;2;0;0;0;1;1;3;3;7;12;17;30;63;91;149;166;202;190;142;56;8
"2020U16"
" ";"I alt"
" ";" ";"Hele landet";1078;6;1;0;1;2;6;4;5;8;11;15;39;54;85;122;170;169;171;131;63;15
"2020U17"
" ";"I alt"
" ";" ";"Hele landet";1086;6;0;1;4;1;2;2;6;8;24;16;42;44;82;135;176;170;150;153;49;15
"2020U18"
" ";"I alt"
" ";" ";"Hele landet";1048;6;0;0;0;2;2;2;4;9;11;22;31;45;68;117;165;167;183;147;55;12
"2020U19"
" ";"I alt"
" ";" ";"Hele landet";1027;6;0;0;2;3;1;4;4;5;16;35;34;49;83;113;156;163;174;124;46;9
"2020U20"
" ";"I alt"
" ";" ";"Hele landet";951;3;0;0;1;1;3;1;6;8;9;22;35;49;77;119;138;155;156;114;45;9
"2020U21"
" ";"I alt"
" ";" ";"Hele landet";994;3;0;1;1;1;2;5;3;7;10;14;31;57;74;125;146;154;156;138;57;9
"2020U22"
" ";"I alt"
" ";" ";"Hele landet";968;4;0;2;0;2;2;2;6;5;7;25;24;60;86;121;148;155;150;103;53;13
"2020U23"
" ";"I alt"
" ";" ";"Hele landet";962;4;0;0;0;2;3;0;4;4;9;22;33;62;67;113;143;166;153;123;43;11
"2020U24"
" ";"I alt"
" ";" ";"Hele landet";1000;7;0;0;0;3;4;3;3;10;11;19;36;50;73;121;132;169;158;129;61;11
"2020U25"
" ";"I alt"
" ";" ";"Hele landet";948;4;1;0;1;4;0;1;3;7;17;26;24;55;77;100;144;148;151;130;43;12
"2020U26"
" ";"I alt"
" ";" ";"Hele landet";984;10;0;0;0;1;3;4;3;5;4;16;46;49;73;113;153;165;159;112;57;11
"2020U27"
" ";"I alt"
" ";" ";"Hele landet";996;7;0;0;1;6;2;4;5;3;7;24;44;62;81;101;153;142;159;125;61;9
"2020U28"
" ";"I alt"
" ";" ";"Hele landet";957;3;0;2;0;2;5;1;6;5;6;22;31;51;79;110;143;155;154;127;45;10
"2020U29"
" ";"I alt"
" ";" ";"Hele landet";1026;4;0;0;1;6;4;2;2;9;11;19;44;44;75;130;136;173;168;115;72;11
"2020U30"
" ";"I alt"
" ";" ";"Hele landet";944;6;1;1;3;2;5;6;7;7;11;14;33;56;75;103;142;149;146;111;54;12
"2020U31"
" ";"I alt"
" ";" ";"Hele landet";983;1;0;1;2;7;2;0;3;9;14;23;39;47;85;124;129;155;148;124;60;10
"2020U32"
" ";"I alt"
" ";" ";"Hele landet";957;4;0;1;1;3;5;3;5;6;11;20;38;44;69;106;142;159;172;113;47;8
"2020U33"
" ";"I alt"
" ";" ";"Hele landet";993;4;1;0;1;2;3;4;5;9;12;22;44;53;72;138;146;153;137;119;53;15
"2020U34"
" ";"I alt"
" ";" ";"Hele landet";995;7;1;0;0;2;5;4;6;7;8;21;27;51;88;95;142;157;179;129;54;12
"2020U35"
" ";"I alt"
" ";" ";"Hele landet";953;5;0;0;2;2;6;3;6;4;4;17;38;52;81;116;141;145;145;128;48;10
"2020U36"
" ";"I alt"
" ";" ";"Hele landet";985;1;0;0;1;2;2;1;6;10;11;11;24;53;76;114;145;161;160;145;53;9
"2020U37"
" ";"I alt"
" ";" ";"Hele landet";984;3;2;1;2;0;6;6;5;4;8;21;39;56;65;101;155;155;168;116;62;9
"2020U38"
" ";"I alt"
" ";" ";"Hele landet";1082;7;1;1;2;1;0;2;5;5;7;25;38;53;72;120;181;189;164;143;53;13
"2020U39"
" ";"I alt"
" ";" ";"Hele landet";974;1;0;0;0;4;4;1;2;2;13;22;34;54;77;125;130;167;172;108;50;8
"2020U40"
" ";"I alt"
" ";" ";"Hele landet";996;3;0;0;1;4;1;3;4;6;7;23;33;41;83;111;154;163;159;121;64;15
"2020U41"
" ";"I alt"
" ";" ";"Hele landet";938;4;0;2;0;1;1;1;3;2;15;11;30;56;78;111;134;150;165;114;53;7
"2020U42"
" ";"I alt"
" ";" ";"Hele landet";1008;4;1;0;1;3;0;3;7;6;12;24;45;44;81;130;171;148;166;109;43;10
"2020U43"
" ";"I alt"
" ";" ";"Hele landet";1096;5;0;1;1;0;2;2;3;3;17;28;38;67;74;114;169;190;189;124;53;16
"2020U44"
" ";"I alt"
" ";" ";"Hele landet";979;3;1;0;0;2;1;3;6;9;12;11;37;66;70;110;144;169;173;117;35;10
"2020U45"
" ";"I alt"
" ";" ";"Hele landet";1026;8;1;1;3;3;2;1;4;7;9;29;32;48;75;109;146;203;157;122;57;9
"2020U46"
" ";"I alt"
" ";" ";"Hele landet";1097;5;1;0;1;1;6;3;1;8;12;24;26;52;103;119;179;183;171;133;59;10
"2020U47"
" ";"I alt"
" ";" ";"Hele landet";1082;4;0;0;1;6;4;6;3;4;11;16;35;50;77;122;158;191;166;142;72;14
"2020U48"
" ";"I alt"
" ";" ";"Hele landet";1097;0;0;1;3;3;3;4;7;11;13;21;34;54;68;138;173;188;185;124;57;10
"2020U49"
" ";"I alt"
" ";" ";"Hele landet";1105;3;0;1;0;4;3;9;6;9;11;19;38;43;84;133;172;181;194;130;58;7
"2020U50"
" ";"I alt"
" ";" ";"Hele landet";1095;2;1;0;0;2;4;4;7;8;16;17;33;47;79;110;171;179;188;151;65;11
"2020U51"
" ";"I alt"
" ";" ";"Hele landet";1273;5;0;1;0;2;1;3;5;9;10;23;37;62;100;150;189;202;216;174;63;21
"2020U52"
" ";"I alt"
" ";" ";"Hele landet";1212;2;0;0;0;2;2;1;5;4;15;12;31;61;96;148;169;198;232;153;63;18
"2020U53"
" ";"I alt"
" ";" ";"Hele landet";1259;1;0;1;1;0;4;0;3;13;11;26;29;57;97;139;180;198;239;174;66;20
"2021U01"
" ";"I alt"
" ";" ";"Hele landet";1234;6;0;0;1;2;1;1;7;6;15;24;36;74;88;135;181;221;203;156;65;12
"2021U02"
" ";"I alt"
" ";" ";"Hele landet";1213;4;0;0;0;3;2;1;5;6;6;21;40;58;98;141;190;191;210;151;72;14
"2021U03"
" ";"I alt"
" ";" ";"Hele landet";1271;3;0;0;1;2;3;3;4;7;8;17;32;60;85;152;189;223;238;155;77;12
"2021U04"
" ";"I alt"
" ";" ";"Hele landet";1218;3;0;0;2;4;1;5;6;3;12;21;42;57;104;145;168;201;214;151;64;15
"2021U05"
" ";"I alt"
" ";" ";"Hele landet";1206;10;0;0;6;1;3;0;3;10;7;20;37;53;99;125;179;203;191;179;67;13
"2021U06"
" ";"I alt"
" ";" ";"Hele landet";1113;4;1;0;0;1;2;4;6;11;12;24;38;60;79;134;158;187;170;161;51;10
"2021U07"
" ";"I alt"
" ";" ";"Hele landet";1062;3;0;0;1;0;1;1;2;8;10;28;37;66;84;110;169;165;171;123;68;15
"2021U08"
" ";"I alt"
" ";" ";"Hele landet";969;0;0;0;0;2;2;3;3;8;8;23;31;51;68;84;160;158;165;143;53;7
"2021U09"
" ";"I alt"
" ";" ";"Hele landet";974;10;0;0;1;1;5;2;5;5;10;13;31;49;68;123;140;164;168;116;55;8
"2021U10"
" ";"I alt"
" ";" ";"Hele landet";1052;5;1;1;0;3;3;2;6;6;10;24;39;49;86;135;155;178;143;143;57;6
"2021U11"
" ";"I alt"
" ";" ";"Hele landet";968;6;1;0;1;2;3;7;2;8;14;27;41;54;69;129;160;147;139;112;39;7
"2021U12"
" ";"I alt"
" ";" ";"Hele landet";1034;5;0;1;0;3;3;6;4;8;10;15;36;52;83;110;173;169;182;110;51;13
"2021U13"
" ";"I alt"
" ";" ";"Hele landet";973;4;0;0;2;3;2;6;2;1;11;14;38;57;75;120;147;167;162;102;48;12
"2021U14"
" ";"I alt"
" ";" ";"Hele landet";975;5;1;0;1;3;2;4;4;4;8;21;35;40;79;118;164;140;146;133;54;13
"2021U15"
" ";"I alt"
" ";" ";"Hele landet";1029;5;0;0;3;2;5;2;2;9;14;16;37;49;78;119;159;166;184;117;49;13
"2021U16"
" ";"I alt"
" ";" ";"Hele landet";1059;5;1;2;1;3;4;7;6;6;12;15;38;45;95;121;160;173;161;129;65;10
"2021U17"
" ";"I alt"
" ";" ";"Hele landet";1014;2;0;0;0;4;2;2;4;5;16;20;41;52;86;120;145;155;167;125;61;7
"2021U18"
" ";"I alt"
" ";" ";"Hele landet";1120;3;0;0;2;3;3;2;2;13;14;22;34;51;85;155;166;174;194;134;54;9
"2021U19"
" ";"I alt"
" ";" ";"Hele landet";1046;6;0;0;1;2;1;3;5;14;7;16;36;65;76;117;158;158;181;128;50;22
"2021U20"
" ";"I alt"
" ";" ";"Hele landet";1049;8;1;0;2;2;1;2;3;4;17;22;30;50;66;154;164;165;152;134;62;10
"2021U21"
" ";"I alt"
" ";" ";"Hele landet";1032;2;1;1;1;3;3;2;8;4;13;13;41;55;81;108;174;181;152;122;51;16
"2021U22"
" ";"I alt"
" ";" ";"Hele landet";1031;1;0;0;0;4;1;3;2;4;12;26;41;50;57;116;181;160;178;113;70;12
"2021U23"
" ";"I alt"
" ";" ";"Hele landet";1052;5;0;1;0;2;1;1;7;7;14;20;31;62;70;123;160;162;181;124;66;15
"2021U24"
" ";"I alt"
" ";" ";"Hele landet";1000;2;0;0;0;4;0;3;3;2;13;20;36;41;61;125;152;167;170;139;57;5
"2021U25"
" ";"I alt"
" ";" ";"Hele landet";1006;3;0;2;1;3;0;1;3;5;13;28;38;45;76;121;162;137;178;119;59;12
"2021U26"
" ";"I alt"
" ";" ";"Hele landet";1061;4;0;0;1;2;3;0;3;6;11;25;34;40;77;131;138;175;216;126;57;12
"2021U27"
" ";"I alt"
" ";" ";"Hele landet";956;6;1;0;0;3;1;0;4;4;12;10;33;42;69;106;163;152;160;132;47;11
"2021U28"
" ";"I alt"
" ";" ";"Hele landet";1075;2;1;1;0;1;1;1;2;5;12;20;38;49;87;110;181;183;176;134;58;13
"2021U29"
" ";"I alt"
" ";" ";"Hele landet";1051;4;1;0;1;4;2;1;5;10;15;21;41;56;72;141;159;165;183;120;46;4
"2021U30"
" ";"I alt"
" ";" ";"Hele landet";1057;6;1;0;0;1;5;4;3;5;19;20;41;61;65;120;181;153;157;134;65;16
"2021U31"
" ";"I alt"
" ";" ";"Hele landet";1134;5;1;1;0;2;4;2;5;8;10;25;28;61;96;116;186;186;173;142;67;16
"2021U32"
" ";"I alt"
" ";" ";"Hele landet";1085;6;0;2;2;4;1;3;6;4;11;18;39;51;69;123;173;184;179;129;68;13
"2021U33"
" ";"I alt"
" ";" ";"Hele landet";1048;5;0;1;3;2;0;2;4;8;12;20;28;54;90;101;150;183;177;144;55;9
"2021U34"
" ";"I alt"
" ";" ";"Hele landet";1062;5;2;0;2;3;0;4;2;5;14;21;30;45;84;135;178;170;182;123;49;8
"2021U35"
" ";"I alt"
" ";" ";"Hele landet";1052;6;0;1;1;1;3;1;7;4;19;17;30;37;74;140;158;176;172;135;55;15
"2021U36"
" ";"I alt"
" ";" ";"Hele landet";1093;3;0;0;2;2;5;2;1;6;15;20;31;45;90;108;167;198;185;129;67;17
"2021U37"
" ";"I alt"
" ";" ";"Hele landet";1051;4;0;0;1;3;1;2;2;5;10;18;41;49;77;122;170;175;176;127;56;12
"2021U38"
" ";"I alt"
" ";" ";"Hele landet";1050;4;0;0;0;0;3;5;2;4;14;18;43;51;87;121;180;159;176;113;53;17
"2021U39"
" ";"I alt"
" ";" ";"Hele landet";1138;4;1;0;1;4;1;1;6;7;14;14;41;71;77;144;164;177;194;138;70;9
"2021U40"
" ";"I alt"
" ";" ";"Hele landet";1064;9;1;0;2;0;3;3;6;6;16;27;35;60;83;123;173;153;164;125;67;8
"2021U41"
" ";"I alt"
" ";" ";"Hele landet";1161;3;1;0;3;4;3;4;4;6;13;26;41;52;87;122;192;179;208;139;57;17
"2021U42"
" ";"I alt"
" ";" ";"Hele landet";1128;3;0;2;2;2;4;5;8;5;8;24;34;51;88;107;167;174;210;160;62;12
"2021U43"
" ";"I alt"
" ";" ";"Hele landet";1138;5;2;0;3;3;4;2;3;5;9;19;55;58;78;116;181;183;197;133;63;19
"2021U44"
" ";"I alt"
" ";" ";"Hele landet";1141;7;0;0;0;4;2;1;1;3;7;19;30;66;81;112;182;208;196;137;69;16
"2021U45"
" ";"I alt"
" ";" ";"Hele landet";1142;3;0;1;2;1;2;2;3;7;12;13;40;54;93;121;163;184;216;159;53;13
"2021U46"
" ";"I alt"
" ";" ";"Hele landet";1132;5;0;0;1;0;5;2;2;6;19;22;39;47;85;112;181;213;187;129;65;12
"2021U47"
" ";"I alt"
" ";" ";"Hele landet";1209;5;0;0;1;1;2;4;4;8;18;18;37;72;76;140;203;205;187;146;75;7
"2021U48"
" ";"I alt"
" ";" ";"Hele landet";1212;3;0;1;2;1;3;2;2;13;11;25;37;64;82;130;199;209;205;142;65;16
"2021U49"
" ";"I alt"
" ";" ";"Hele landet";1264;5;0;1;0;3;3;4;4;5;17;20;39;64;85;157;197;217;217;140;75;11
"2021U50"
" ";"I alt"
" ";" ";"Hele landet";1255;3;1;2;1;0;2;1;3;4;13;16;43;70;88;110;187;237;218;153;87;16
"2021U51"
" ";"I alt"
" ";" ";"Hele landet";1285;2;1;1;0;2;3;3;1;5;10;21;39;64;89;131;204;198;245;165;85;16
"2021U52"
" ";"I alt"
" ";" ";"Hele landet";1273;7;0;0;1;2;4;3;6;7;10;19;38;55;91;155;182;220;218;166;75;14
"2022U01"
" ";"I alt"
" ";" ";"Hele landet";1345;4;0;1;0;3;3;1;6;6;16;39;46;58;109;132;208;219;207;186;87;14
"2022U02"
" ";"I alt"
" ";" ";"Hele landet";1206;6;0;1;1;0;2;3;2;14;14;17;42;55;68;112;216;223;188;154;73;15
"2022U03"
" ";"I alt"
" ";" ";"Hele landet";1176;3;0;1;2;1;2;5;3;4;10;17;43;51;89;122;176;211;205;144;73;14
"2022U04"
" ";"I alt"
" ";" ";"Hele landet";1158;8;0;1;0;4;2;3;5;5;17;18;41;49;91;119;178;206;195;140;67;9

"Tallene for 2021 i denne tabel er foreløbige tal og kan blive ændret "
"løbende ved hver ny opdatering af tabellen. Tabellen bliver opdateret "
"hver fredag. "

