"Ugenummer";"Målgruppe";"Dækning førstegangsvaccinerede (kumulativt i %)";"Dækning færdigvaccinerede (kumulativt i %)"
2020-W49;10B. Personer fra årgang 1962-1966;0.00;0.00
2020-W51;1. Plejehjemsbeboere;0.00;0.00
2020-W51;2. Borgere > 65, praktisk hjælp og personlig pleje;0.00;0.00
2020-W51;3. Borgere fra årgang 1936 og derunder (85 år og ældre);0.00;0.00
2020-W51;4. Personale i sundhedsvæsenet og dele af socialvæsenet;0.00;0.00
2020-W51;5. Udvalgte patienter med særligt øget risiko;0.00;0.00
2020-W51;6. Udvalgte pårørende til personer med særligt øget risiko;0.00;0.00
2020-W51;7. Personer fra årgang 1937-1941;0.00;0.00
2020-W51;8. Personer fra årgang 1942-1946;0.00;0.00
2020-W51;9. Personer fra årgang 1947-1956;0.00;0.00
2020-W51;10A. Personer fra årgang 1957-1961;0.00;0.00
2020-W51;10B. Personer fra årgang 1962-1966;0.00;0.00
2020-W51;10C. Personer fra årgang 1967-1971;0.00;0.00
2020-W51;10D1. Personer fra årgang 1972-1976 og årgang 2002-2005;0.00;0.00
2020-W51;10D2. Personer fra årgang 1977-1981 og årgang 1997-2001;0.00;0.00
2020-W51;10D3. Personer fra årgang 1982-1986 og årgang 1992-1996;0.00;0.00
2020-W51;10D4. Personer fra årgang 1987-1991;0.00;0.00
2020-W51;11. Personer fra årgang 2006-2009;0.00;0.00
2020-W52;1. Plejehjemsbeboere;4.64;0.00
2020-W52;2. Borgere > 65, praktisk hjælp og personlig pleje;0.00;0.00
2020-W52;3. Borgere fra årgang 1936 og derunder (85 år og ældre);0.00;0.00
2020-W52;4. Personale i sundhedsvæsenet og dele af socialvæsenet;1.24;0.00
2020-W52;5. Udvalgte patienter med særligt øget risiko;0.04;0.00
2020-W52;6. Udvalgte pårørende til personer med særligt øget risiko;0.00;0.00
2020-W52;7. Personer fra årgang 1937-1941;0.00;0.00
2020-W52;8. Personer fra årgang 1942-1946;0.00;0.00
2020-W52;9. Personer fra årgang 1947-1956;0.01;0.00
2020-W52;10A. Personer fra årgang 1957-1961;0.01;0.00
2020-W52;10B. Personer fra årgang 1962-1966;0.01;0.00
2020-W52;10C. Personer fra årgang 1967-1971;0.01;0.00
2020-W52;10D1. Personer fra årgang 1972-1976 og årgang 2002-2005;0.00;0.00
2020-W52;10D2. Personer fra årgang 1977-1981 og årgang 1997-2001;0.01;0.00
2020-W52;10D3. Personer fra årgang 1982-1986 og årgang 1992-1996;0.00;0.00
2020-W52;10D4. Personer fra årgang 1987-1991;0.00;0.00
2020-W53;1. Plejehjemsbeboere;34.32;0.00
2020-W53;2. Borgere > 65, praktisk hjælp og personlig pleje;0.27;0.00
2020-W53;3. Borgere fra årgang 1936 og derunder (85 år og ældre);0.17;0.00
2020-W53;4. Personale i sundhedsvæsenet og dele af socialvæsenet;10.51;0.00
2020-W53;5. Udvalgte patienter med særligt øget risiko;0.28;0.00
2020-W53;6. Udvalgte pårørende til personer med særligt øget risiko;0.00;0.00
2020-W53;7. Personer fra årgang 1937-1941;0.08;0.00
2020-W53;8. Personer fra årgang 1942-1946;0.05;0.00
2020-W53;9. Personer fra årgang 1947-1956;0.06;0.00
2020-W53;10A. Personer fra årgang 1957-1961;0.05;0.00
2020-W53;10B. Personer fra årgang 1962-1966;0.06;0.00
2020-W53;10C. Personer fra årgang 1967-1971;0.05;0.00
2020-W53;10D1. Personer fra årgang 1972-1976 og årgang 2002-2005;0.03;0.00
2020-W53;10D2. Personer fra årgang 1977-1981 og årgang 1997-2001;0.03;0.00
2020-W53;10D3. Personer fra årgang 1982-1986 og årgang 1992-1996;0.02;0.00
2020-W53;10D4. Personer fra årgang 1987-1991;0.02;0.00
2020-W53;11. Personer fra årgang 2006-2009;0.00;0.00
2021-W01;1. Plejehjemsbeboere;70.84;0.00
2021-W01;2. Borgere > 65, praktisk hjælp og personlig pleje;8.11;0.00
2021-W01;3. Borgere fra årgang 1936 og derunder (85 år og ældre);0.40;0.00
2021-W01;4. Personale i sundhedsvæsenet og dele af socialvæsenet;22.51;0.00
2021-W01;5. Udvalgte patienter med særligt øget risiko;1.16;0.00
2021-W01;6. Udvalgte pårørende til personer med særligt øget risiko;0.00;0.00
2021-W01;7. Personer fra årgang 1937-1941;0.20;0.00
2021-W01;8. Personer fra årgang 1942-1946;0.15;0.00
2021-W01;9. Personer fra årgang 1947-1956;0.14;0.00
2021-W01;10A. Personer fra årgang 1957-1961;0.16;0.00
2021-W01;10B. Personer fra årgang 1962-1966;0.14;0.00
2021-W01;10C. Personer fra årgang 1967-1971;0.12;0.00
2021-W01;10D1. Personer fra årgang 1972-1976 og årgang 2002-2005;0.06;0.00
2021-W01;10D2. Personer fra årgang 1977-1981 og årgang 1997-2001;0.07;0.00
2021-W01;10D3. Personer fra årgang 1982-1986 og årgang 1992-1996;0.06;0.00
2021-W01;10D4. Personer fra årgang 1987-1991;0.06;0.00
2021-W02;1. Plejehjemsbeboere;75.17;0.57
2021-W02;2. Borgere > 65, praktisk hjælp og personlig pleje;39.91;0.00
2021-W02;3. Borgere fra årgang 1936 og derunder (85 år og ældre);0.70;0.00
2021-W02;4. Personale i sundhedsvæsenet og dele af socialvæsenet;29.77;0.13
2021-W02;5. Udvalgte patienter med særligt øget risiko;5.40;0.00
2021-W02;6. Udvalgte pårørende til personer med særligt øget risiko;0.00;0.00
2021-W02;7. Personer fra årgang 1937-1941;0.35;0.00
2021-W02;8. Personer fra årgang 1942-1946;0.24;0.00
2021-W02;9. Personer fra årgang 1947-1956;0.20;0.00
2021-W02;10A. Personer fra årgang 1957-1961;0.21;0.00
2021-W02;10B. Personer fra årgang 1962-1966;0.18;0.00
2021-W02;10C. Personer fra årgang 1967-1971;0.15;0.00
2021-W02;10D1. Personer fra årgang 1972-1976 og årgang 2002-2005;0.08;0.00
2021-W02;10D2. Personer fra årgang 1977-1981 og årgang 1997-2001;0.09;0.00
2021-W02;10D3. Personer fra årgang 1982-1986 og årgang 1992-1996;0.09;0.00
2021-W02;10D4. Personer fra årgang 1987-1991;0.08;0.00
2021-W03;1. Plejehjemsbeboere;77.18;25.55
2021-W03;2. Borgere > 65, praktisk hjælp og personlig pleje;45.15;0.22
2021-W03;3. Borgere fra årgang 1936 og derunder (85 år og ældre);0.90;0.09
2021-W03;4. Personale i sundhedsvæsenet og dele af socialvæsenet;31.33;4.76
2021-W03;5. Udvalgte patienter med særligt øget risiko;6.08;0.12
2021-W03;7. Personer fra årgang 1937-1941;0.44;0.05
2021-W03;8. Personer fra årgang 1942-1946;0.29;0.03
2021-W03;9. Personer fra årgang 1947-1956;0.24;0.03
2021-W03;10A. Personer fra årgang 1957-1961;0.24;0.03
2021-W03;10B. Personer fra årgang 1962-1966;0.20;0.04
2021-W03;10C. Personer fra årgang 1967-1971;0.17;0.03
2021-W03;10D1. Personer fra årgang 1972-1976 og årgang 2002-2005;0.09;0.02
2021-W03;10D2. Personer fra årgang 1977-1981 og årgang 1997-2001;0.10;0.02
2021-W03;10D3. Personer fra årgang 1982-1986 og årgang 1992-1996;0.10;0.01
2021-W03;10D4. Personer fra årgang 1987-1991;0.09;0.01
2021-W03;11. Personer fra årgang 2006-2009;0.00;0.00
2021-W04;1. Plejehjemsbeboere;78.53;62.22
2021-W04;2. Borgere > 65, praktisk hjælp og personlig pleje;45.38;5.42
2021-W04;3. Borgere fra årgang 1936 og derunder (85 år og ældre);0.94;0.34
2021-W04;4. Personale i sundhedsvæsenet og dele af socialvæsenet;32.09;16.38
2021-W04;5. Udvalgte patienter med særligt øget risiko;6.39;0.89
2021-W04;7. Personer fra årgang 1937-1941;0.47;0.16
2021-W04;8. Personer fra årgang 1942-1946;0.31;0.12
2021-W04;9. Personer fra årgang 1947-1956;0.25;0.11
2021-W04;10A. Personer fra årgang 1957-1961;0.26;0.12
2021-W04;10B. Personer fra årgang 1962-1966;0.22;0.11
2021-W04;10C. Personer fra årgang 1967-1971;0.19;0.09
2021-W04;10D1. Personer fra årgang 1972-1976 og årgang 2002-2005;0.09;0.05
2021-W04;10D2. Personer fra årgang 1977-1981 og årgang 1997-2001;0.12;0.05
2021-W04;10D3. Personer fra årgang 1982-1986 og årgang 1992-1996;0.11;0.04
2021-W04;10D4. Personer fra årgang 1987-1991;0.10;0.04
2021-W05;1. Plejehjemsbeboere;79.44;71.17
2021-W05;2. Borgere > 65, praktisk hjælp og personlig pleje;51.22;30.71
2021-W05;3. Borgere fra årgang 1936 og derunder (85 år og ældre);4.19;0.59
2021-W05;4. Personale i sundhedsvæsenet og dele af socialvæsenet;32.88;24.10
2021-W05;5. Udvalgte patienter med særligt øget risiko;6.58;4.41
2021-W05;6. Udvalgte pårørende til personer med særligt øget risiko;0.00;0.00
2021-W05;7. Personer fra årgang 1937-1941;0.51;0.30
2021-W05;8. Personer fra årgang 1942-1946;0.34;0.20
2021-W05;9. Personer fra årgang 1947-1956;0.27;0.17
2021-W05;10A. Personer fra årgang 1957-1961;0.27;0.18
2021-W05;10B. Personer fra årgang 1962-1966;0.24;0.16
2021-W05;10C. Personer fra årgang 1967-1971;0.20;0.13
2021-W05;10D1. Personer fra årgang 1972-1976 og årgang 2002-2005;0.10;0.07
2021-W05;10D2. Personer fra årgang 1977-1981 og årgang 1997-2001;0.13;0.08
2021-W05;10D3. Personer fra årgang 1982-1986 og årgang 1992-1996;0.12;0.07
2021-W05;10D4. Personer fra årgang 1987-1991;0.11;0.07
2021-W06;1. Plejehjemsbeboere;80.93;73.21
2021-W06;2. Borgere > 65, praktisk hjælp og personlig pleje;55.57;43.67
2021-W06;3. Borgere fra årgang 1936 og derunder (85 år og ældre);20.91;0.86
2021-W06;4. Personale i sundhedsvæsenet og dele af socialvæsenet;39.24;29.32
2021-W06;5. Udvalgte patienter med særligt øget risiko;7.01;5.47
2021-W06;7. Personer fra årgang 1937-1941;0.58;0.40
2021-W06;8. Personer fra årgang 1942-1946;0.39;0.26
2021-W06;9. Personer fra årgang 1947-1956;0.30;0.20
2021-W06;10A. Personer fra årgang 1957-1961;0.29;0.21
2021-W06;10B. Personer fra årgang 1962-1966;0.25;0.18
2021-W06;10C. Personer fra årgang 1967-1971;0.22;0.15
2021-W06;10D1. Personer fra årgang 1972-1976 og årgang 2002-2005;0.11;0.08
2021-W06;10D2. Personer fra årgang 1977-1981 og årgang 1997-2001;0.14;0.09
2021-W06;10D3. Personer fra årgang 1982-1986 og årgang 1992-1996;0.13;0.09
2021-W06;10D4. Personer fra årgang 1987-1991;0.12;0.08
2021-W07;1. Plejehjemsbeboere;83.91;73.95
2021-W07;2. Borgere > 65, praktisk hjælp og personlig pleje;67.85;44.38
2021-W07;3. Borgere fra årgang 1936 og derunder (85 år og ældre);62.66;0.89
2021-W07;4. Personale i sundhedsvæsenet og dele af socialvæsenet;48.20;30.63
2021-W07;5. Udvalgte patienter med særligt øget risiko;10.47;6.24
2021-W07;6. Udvalgte pårørende til personer med særligt øget risiko;0.00;0.00
2021-W07;7. Personer fra årgang 1937-1941;0.69;0.43
2021-W07;8. Personer fra årgang 1942-1946;0.44;0.28
2021-W07;9. Personer fra årgang 1947-1956;0.34;0.22
2021-W07;10A. Personer fra årgang 1957-1961;0.33;0.23
2021-W07;10B. Personer fra årgang 1962-1966;0.28;0.20
2021-W07;10C. Personer fra årgang 1967-1971;0.24;0.17
2021-W07;10D1. Personer fra årgang 1972-1976 og årgang 2002-2005;0.12;0.08
2021-W07;10D2. Personer fra årgang 1977-1981 og årgang 1997-2001;0.15;0.10
2021-W07;10D3. Personer fra årgang 1982-1986 og årgang 1992-1996;0.14;0.10
2021-W07;10D4. Personer fra årgang 1987-1991;0.13;0.09
2021-W08;1. Plejehjemsbeboere;86.73;77.37
2021-W08;2. Borgere > 65, praktisk hjælp og personlig pleje;72.45;49.02
2021-W08;3. Borgere fra årgang 1936 og derunder (85 år og ældre);80.31;0.97
2021-W08;4. Personale i sundhedsvæsenet og dele af socialvæsenet;64.37;31.97
2021-W08;5. Udvalgte patienter med særligt øget risiko;26.59;6.45
2021-W08;6. Udvalgte pårørende til personer med særligt øget risiko;0.00;0.00
2021-W08;7. Personer fra årgang 1937-1941;0.88;0.49
2021-W08;8. Personer fra årgang 1942-1946;0.51;0.33
2021-W08;9. Personer fra årgang 1947-1956;0.40;0.25
2021-W08;10A. Personer fra årgang 1957-1961;0.37;0.26
2021-W08;10B. Personer fra årgang 1962-1966;0.33;0.22
2021-W08;10C. Personer fra årgang 1967-1971;0.28;0.19
2021-W08;10D1. Personer fra årgang 1972-1976 og årgang 2002-2005;0.14;0.09
2021-W08;10D2. Personer fra årgang 1977-1981 og årgang 1997-2001;0.18;0.11
2021-W08;10D3. Personer fra årgang 1982-1986 og årgang 1992-1996;0.16;0.11
2021-W08;10D4. Personer fra årgang 1987-1991;0.14;0.10
2021-W08;11. Personer fra årgang 2006-2009;0.00;0.00
2021-W09;1. Plejehjemsbeboere;87.90;78.78
2021-W09;2. Borgere > 65, praktisk hjælp og personlig pleje;75.84;53.69
2021-W09;3. Borgere fra årgang 1936 og derunder (85 år og ældre);86.50;13.14
2021-W09;4. Personale i sundhedsvæsenet og dele af socialvæsenet;81.85;32.96
2021-W09;5. Udvalgte patienter med særligt øget risiko;46.16;6.84
2021-W09;6. Udvalgte pårørende til personer med særligt øget risiko;4.57;0.00
2021-W09;7. Personer fra årgang 1937-1941;1.06;0.56
2021-W09;8. Personer fra årgang 1942-1946;0.59;0.37
2021-W09;9. Personer fra årgang 1947-1956;0.46;0.28
2021-W09;10A. Personer fra årgang 1957-1961;0.44;0.28
2021-W09;10B. Personer fra årgang 1962-1966;0.39;0.23
2021-W09;10C. Personer fra årgang 1967-1971;0.33;0.20
2021-W09;10D1. Personer fra årgang 1972-1976 og årgang 2002-2005;0.17;0.10
2021-W09;10D2. Personer fra årgang 1977-1981 og årgang 1997-2001;0.21;0.12
2021-W09;10D3. Personer fra årgang 1982-1986 og årgang 1992-1996;0.19;0.12
2021-W09;10D4. Personer fra årgang 1987-1991;0.17;0.11
2021-W09;Resterende;0.00;0.00
2021-W10;1. Plejehjemsbeboere;89.17;82.06
2021-W10;2. Borgere > 65, praktisk hjælp og personlig pleje;79.68;64.66
2021-W10;3. Borgere fra årgang 1936 og derunder (85 år og ældre);89.63;50.93
2021-W10;4. Personale i sundhedsvæsenet og dele af socialvæsenet;88.76;34.24
2021-W10;5. Udvalgte patienter med særligt øget risiko;53.02;9.75
2021-W10;6. Udvalgte pårørende til personer med særligt øget risiko;7.43;0.00
2021-W10;7. Personer fra årgang 1937-1941;1.65;0.66
2021-W10;8. Personer fra årgang 1942-1946;0.77;0.42
2021-W10;9. Personer fra årgang 1947-1956;0.56;0.32
2021-W10;10A. Personer fra årgang 1957-1961;0.53;0.31
2021-W10;10B. Personer fra årgang 1962-1966;0.47;0.27
2021-W10;10C. Personer fra årgang 1967-1971;0.39;0.23
2021-W10;10D1. Personer fra årgang 1972-1976 og årgang 2002-2005;0.20;0.11
2021-W10;10D2. Personer fra årgang 1977-1981 og årgang 1997-2001;0.24;0.14
2021-W10;10D3. Personer fra årgang 1982-1986 og årgang 1992-1996;0.22;0.13
2021-W10;10D4. Personer fra årgang 1987-1991;0.20;0.12
2021-W11;1. Plejehjemsbeboere;90.07;83.94
2021-W11;2. Borgere > 65, praktisk hjælp og personlig pleje;83.01;70.21
2021-W11;3. Borgere fra årgang 1936 og derunder (85 år og ældre);91.55;75.98
2021-W11;4. Personale i sundhedsvæsenet og dele af socialvæsenet;89.61;35.56
2021-W11;5. Udvalgte patienter med særligt øget risiko;62.04;19.87
2021-W11;6. Udvalgte pårørende til personer med særligt øget risiko;9.91;0.00
2021-W11;7. Personer fra årgang 1937-1941;16.89;0.82
2021-W11;8. Personer fra årgang 1942-1946;1.01;0.48
2021-W11;9. Personer fra årgang 1947-1956;0.70;0.36
2021-W11;10A. Personer fra årgang 1957-1961;0.63;0.35
2021-W11;10B. Personer fra årgang 1962-1966;0.56;0.31
2021-W11;10C. Personer fra årgang 1967-1971;0.47;0.26
2021-W11;10D1. Personer fra årgang 1972-1976 og årgang 2002-2005;0.25;0.13
2021-W11;10D2. Personer fra årgang 1977-1981 og årgang 1997-2001;0.30;0.16
2021-W11;10D3. Personer fra årgang 1982-1986 og årgang 1992-1996;0.27;0.15
2021-W11;10D4. Personer fra årgang 1987-1991;0.25;0.13
2021-W12;1. Plejehjemsbeboere;91.15;85.91
2021-W12;2. Borgere > 65, praktisk hjælp og personlig pleje;85.78;72.54
2021-W12;3. Borgere fra årgang 1936 og derunder (85 år og ældre);92.63;81.35
2021-W12;4. Personale i sundhedsvæsenet og dele af socialvæsenet;90.07;36.62
2021-W12;5. Udvalgte patienter med særligt øget risiko;68.13;36.41
2021-W12;6. Udvalgte pårørende til personer med særligt øget risiko;13.58;0.00
2021-W12;7. Personer fra årgang 1937-1941;42.25;0.89
2021-W12;8. Personer fra årgang 1942-1946;1.77;0.53
2021-W12;9. Personer fra årgang 1947-1956;0.84;0.41
2021-W12;10A. Personer fra årgang 1957-1961;0.68;0.38
2021-W12;10B. Personer fra årgang 1962-1966;0.62;0.34
2021-W12;10C. Personer fra årgang 1967-1971;0.52;0.28
2021-W12;10D1. Personer fra årgang 1972-1976 og årgang 2002-2005;0.28;0.14
2021-W12;10D2. Personer fra årgang 1977-1981 og årgang 1997-2001;0.34;0.18
2021-W12;10D3. Personer fra årgang 1982-1986 og årgang 1992-1996;0.30;0.16
2021-W12;10D4. Personer fra årgang 1987-1991;0.28;0.14
2021-W13;1. Plejehjemsbeboere;91.77;86.92
2021-W13;2. Borgere > 65, praktisk hjælp og personlig pleje;87.24;75.09
2021-W13;3. Borgere fra årgang 1936 og derunder (85 år og ældre);93.36;86.19
2021-W13;4. Personale i sundhedsvæsenet og dele af socialvæsenet;90.33;37.98
2021-W13;5. Udvalgte patienter med særligt øget risiko;76.62;47.97
2021-W13;6. Udvalgte pårørende til personer med særligt øget risiko;16.53;5.00
2021-W13;7. Personer fra årgang 1937-1941;68.67;1.08
2021-W13;8. Personer fra årgang 1942-1946;13.32;0.60
2021-W13;9. Personer fra årgang 1947-1956;1.13;0.46
2021-W13;10A. Personer fra årgang 1957-1961;0.77;0.44
2021-W13;10B. Personer fra årgang 1962-1966;0.71;0.38
2021-W13;10C. Personer fra årgang 1967-1971;0.59;0.32
2021-W13;10D1. Personer fra årgang 1972-1976 og årgang 2002-2005;0.32;0.17
2021-W13;10D2. Personer fra årgang 1977-1981 og årgang 1997-2001;0.38;0.20
2021-W13;10D3. Personer fra årgang 1982-1986 og årgang 1992-1996;0.34;0.19
2021-W13;10D4. Personer fra årgang 1987-1991;0.31;0.17
2021-W14;1. Plejehjemsbeboere;92.27;88.44
2021-W14;2. Borgere > 65, praktisk hjælp og personlig pleje;88.25;80.45
2021-W14;3. Borgere fra årgang 1936 og derunder (85 år og ældre);93.81;89.97
2021-W14;4. Personale i sundhedsvæsenet og dele af socialvæsenet;90.73;39.24
2021-W14;5. Udvalgte patienter med særligt øget risiko;80.67;57.05
2021-W14;6. Udvalgte pårørende til personer med særligt øget risiko;23.01;7.58
2021-W14;7. Personer fra årgang 1937-1941;84.01;5.98
2021-W14;8. Personer fra årgang 1942-1946;39.55;0.85
2021-W14;9. Personer fra årgang 1947-1956;3.76;0.60
2021-W14;10A. Personer fra årgang 1957-1961;0.86;0.56
2021-W14;10B. Personer fra årgang 1962-1966;0.78;0.49
2021-W14;10C. Personer fra årgang 1967-1971;0.66;0.41
2021-W14;10D1. Personer fra årgang 1972-1976 og årgang 2002-2005;0.36;0.21
2021-W14;10D2. Personer fra årgang 1977-1981 og årgang 1997-2001;0.43;0.27
2021-W14;10D3. Personer fra årgang 1982-1986 og årgang 1992-1996;0.39;0.24
2021-W14;10D4. Personer fra årgang 1987-1991;0.35;0.22
2021-W15;1. Plejehjemsbeboere;93.09;89.61
2021-W15;2. Borgere > 65, praktisk hjælp og personlig pleje;89.09;84.16
2021-W15;3. Borgere fra årgang 1936 og derunder (85 år og ældre);94.24;91.76
2021-W15;4. Personale i sundhedsvæsenet og dele af socialvæsenet;91.02;39.98
2021-W15;5. Udvalgte patienter med særligt øget risiko;83.83;64.97
2021-W15;6. Udvalgte pårørende til personer med særligt øget risiko;54.60;11.20
2021-W15;7. Personer fra årgang 1937-1941;90.75;26.52
2021-W15;8. Personer fra årgang 1942-1946;80.15;1.12
2021-W15;9. Personer fra årgang 1947-1956;18.15;0.74
2021-W15;10A. Personer fra årgang 1957-1961;1.01;0.63
2021-W15;10B. Personer fra årgang 1962-1966;0.88;0.57
2021-W15;10C. Personer fra årgang 1967-1971;0.75;0.47
2021-W15;10D1. Personer fra årgang 1972-1976 og årgang 2002-2005;0.41;0.25
2021-W15;10D2. Personer fra årgang 1977-1981 og årgang 1997-2001;0.48;0.31
2021-W15;10D3. Personer fra årgang 1982-1986 og årgang 1992-1996;0.43;0.28
2021-W15;10D4. Personer fra årgang 1987-1991;0.40;0.25
2021-W16;1. Plejehjemsbeboere;93.67;90.34
2021-W16;2. Borgere > 65, praktisk hjælp og personlig pleje;89.70;85.81
2021-W16;3. Borgere fra årgang 1936 og derunder (85 år og ældre);94.53;92.64
2021-W16;4. Personale i sundhedsvæsenet og dele af socialvæsenet;91.27;40.33
2021-W16;5. Udvalgte patienter med særligt øget risiko;86.06;73.38
2021-W16;6. Udvalgte pårørende til personer med særligt øget risiko;73.56;14.39
2021-W16;7. Personer fra årgang 1937-1941;92.51;54.95
2021-W16;8. Personer fra årgang 1942-1946;89.01;6.71
2021-W16;9. Personer fra årgang 1947-1956;40.09;0.96
2021-W16;10A. Personer fra årgang 1957-1961;1.15;0.68
2021-W16;10B. Personer fra årgang 1962-1966;1.01;0.61
2021-W16;10C. Personer fra årgang 1967-1971;0.84;0.50
2021-W16;10D1. Personer fra årgang 1972-1976 og årgang 2002-2005;0.46;0.27
2021-W16;10D2. Personer fra årgang 1977-1981 og årgang 1997-2001;0.54;0.33
2021-W16;10D3. Personer fra årgang 1982-1986 og årgang 1992-1996;0.49;0.30
2021-W16;10D4. Personer fra årgang 1987-1991;0.45;0.26
2021-W17;1. Plejehjemsbeboere;94.02;90.83
2021-W17;2. Borgere > 65, praktisk hjælp og personlig pleje;90.23;86.83
2021-W17;3. Borgere fra årgang 1936 og derunder (85 år og ældre);94.84;93.19
2021-W17;4. Personale i sundhedsvæsenet og dele af socialvæsenet;91.59;42.79
2021-W17;5. Udvalgte patienter med særligt øget risiko;88.33;78.25
2021-W17;6. Udvalgte pårørende til personer med særligt øget risiko;80.37;18.63
2021-W17;7. Personer fra årgang 1937-1941;93.94;74.08
2021-W17;8. Personer fra årgang 1942-1946;92.76;24.83
2021-W17;9. Personer fra årgang 1947-1956;62.39;1.70
2021-W17;10A. Personer fra årgang 1957-1961;3.31;0.77
2021-W17;10B. Personer fra årgang 1962-1966;1.14;0.69
2021-W17;10C. Personer fra årgang 1967-1971;0.94;0.57
2021-W17;10D1. Personer fra årgang 1972-1976 og årgang 2002-2005;0.51;0.31
2021-W17;10D2. Personer fra årgang 1977-1981 og årgang 1997-2001;0.60;0.38
2021-W17;10D3. Personer fra årgang 1982-1986 og årgang 1992-1996;0.55;0.34
2021-W17;10D4. Personer fra årgang 1987-1991;0.51;0.30
2021-W17;11. Personer fra årgang 2006-2009;0.00;0.00
2021-W17;Resterende;0.00;0.00
2021-W18;1. Plejehjemsbeboere;94.38;91.71
2021-W18;2. Borgere > 65, praktisk hjælp og personlig pleje;90.84;87.74
2021-W18;3. Borgere fra årgang 1936 og derunder (85 år og ældre);95.07;93.61
2021-W18;4. Personale i sundhedsvæsenet og dele af socialvæsenet;92.90;49.25
2021-W18;5. Udvalgte patienter med særligt øget risiko;89.85;82.11
2021-W18;6. Udvalgte pårørende til personer med særligt øget risiko;83.37;45.21
2021-W18;7. Personer fra årgang 1937-1941;94.66;85.54
2021-W18;8. Personer fra årgang 1942-1946;93.77;67.40
2021-W18;9. Personer fra årgang 1947-1956;77.63;11.91
2021-W18;10A. Personer fra årgang 1957-1961;18.19;0.85
2021-W18;10B. Personer fra årgang 1962-1966;1.46;0.76
2021-W18;10C. Personer fra årgang 1967-1971;1.07;0.63
2021-W18;10D1. Personer fra årgang 1972-1976 og årgang 2002-2005;0.57;0.35
2021-W18;10D2. Personer fra årgang 1977-1981 og årgang 1997-2001;0.67;0.42
2021-W18;10D3. Personer fra årgang 1982-1986 og årgang 1992-1996;0.60;0.37
2021-W18;10D4. Personer fra årgang 1987-1991;0.57;0.33
2021-W18;11. Personer fra årgang 2006-2009;0.00;0.00
2021-W19;1. Plejehjemsbeboere;94.63;92.30
2021-W19;2. Borgere > 65, praktisk hjælp og personlig pleje;91.27;88.39
2021-W19;3. Borgere fra årgang 1936 og derunder (85 år og ældre);95.24;93.98
2021-W19;4. Personale i sundhedsvæsenet og dele af socialvæsenet;94.41;57.90
2021-W19;5. Udvalgte patienter med særligt øget risiko;90.84;84.38
2021-W19;6. Udvalgte pårørende til personer med særligt øget risiko;85.14;64.98
2021-W19;7. Personer fra årgang 1937-1941;95.28;90.81
2021-W19;8. Personer fra årgang 1942-1946;94.79;83.97
2021-W19;9. Personer fra årgang 1947-1956;87.64;29.45
2021-W19;10A. Personer fra årgang 1957-1961;42.76;0.98
2021-W19;10B. Personer fra årgang 1962-1966;7.73;0.87
2021-W19;10C. Personer fra årgang 1967-1971;1.28;0.71
2021-W19;10D1. Personer fra årgang 1972-1976 og årgang 2002-2005;0.65;0.40
2021-W19;10D2. Personer fra årgang 1977-1981 og årgang 1997-2001;0.75;0.47
2021-W19;10D3. Personer fra årgang 1982-1986 og årgang 1992-1996;0.69;0.43
2021-W19;10D4. Personer fra årgang 1987-1991;0.65;0.39
2021-W19;11. Personer fra årgang 2006-2009;0.01;0.00
2021-W19;Resterende;0.00;0.00
2021-W20;1. Plejehjemsbeboere;94.91;92.71
2021-W20;2. Borgere > 65, praktisk hjælp og personlig pleje;91.72;88.97
2021-W20;3. Borgere fra årgang 1936 og derunder (85 år og ældre);95.40;94.31
2021-W20;4. Personale i sundhedsvæsenet og dele af socialvæsenet;96.37;72.41
2021-W20;5. Udvalgte patienter med særligt øget risiko;91.81;86.41
2021-W20;6. Udvalgte pårørende til personer med særligt øget risiko;87.76;75.04
2021-W20;7. Personer fra årgang 1937-1941;95.72;92.71
2021-W20;8. Personer fra årgang 1942-1946;95.46;90.80
2021-W20;9. Personer fra årgang 1947-1956;91.64;43.22
2021-W20;10A. Personer fra årgang 1957-1961;65.92;1.08
2021-W20;10B. Personer fra årgang 1962-1966;32.62;0.97
2021-W20;10C. Personer fra årgang 1967-1971;7.63;0.80
2021-W20;10D1. Personer fra årgang 1972-1976 og årgang 2002-2005;0.82;0.44
2021-W20;10D2. Personer fra årgang 1977-1981 og årgang 1997-2001;0.85;0.52
2021-W20;10D3. Personer fra årgang 1982-1986 og årgang 1992-1996;0.79;0.48
2021-W20;10D4. Personer fra årgang 1987-1991;0.75;0.45
2021-W20;11. Personer fra årgang 2006-2009;0.01;0.00
2021-W21;1. Plejehjemsbeboere;95.10;92.90
2021-W21;2. Borgere > 65, praktisk hjælp og personlig pleje;92.11;89.26
2021-W21;3. Borgere fra årgang 1936 og derunder (85 år og ældre);95.57;94.45
2021-W21;4. Personale i sundhedsvæsenet og dele af socialvæsenet;97.76;82.54
2021-W21;5. Udvalgte patienter med særligt øget risiko;92.46;87.14
2021-W21;6. Udvalgte pårørende til personer med særligt øget risiko;88.99;77.32
2021-W21;7. Personer fra årgang 1937-1941;96.06;93.34
2021-W21;8. Personer fra årgang 1942-1946;95.86;92.06
2021-W21;9. Personer fra årgang 1947-1956;93.56;48.84
2021-W21;10A. Personer fra årgang 1957-1961;82.82;1.31
2021-W21;10B. Personer fra årgang 1962-1966;58.61;1.05
2021-W21;10C. Personer fra årgang 1967-1971;33.96;0.86
2021-W21;10D1. Personer fra årgang 1972-1976 og årgang 2002-2005;2.84;0.48
2021-W21;10D2. Personer fra årgang 1977-1981 og årgang 1997-2001;1.00;0.58
2021-W21;10D3. Personer fra årgang 1982-1986 og årgang 1992-1996;0.93;0.57
2021-W21;10D4. Personer fra årgang 1987-1991;0.88;0.54
2021-W21;11. Personer fra årgang 2006-2009;0.01;0.00
2021-W21;Resterende;0.00;0.00
2021-W22;1. Plejehjemsbeboere;95.22;93.10
2021-W22;2. Borgere > 65, praktisk hjælp og personlig pleje;92.36;89.67
2021-W22;3. Borgere fra årgang 1936 og derunder (85 år og ældre);95.71;94.64
2021-W22;4. Personale i sundhedsvæsenet og dele af socialvæsenet;98.44;87.92
2021-W22;5. Udvalgte patienter med særligt øget risiko;92.99;88.12
2021-W22;6. Udvalgte pårørende til personer med særligt øget risiko;90.38;80.04
2021-W22;7. Personer fra årgang 1937-1941;96.28;94.20
2021-W22;8. Personer fra årgang 1942-1946;96.16;93.38
2021-W22;9. Personer fra årgang 1947-1956;94.34;62.98
2021-W22;10A. Personer fra årgang 1957-1961;88.36;3.62
2021-W22;10B. Personer fra årgang 1962-1966;78.64;1.24
2021-W22;10C. Personer fra årgang 1967-1971;56.04;0.97
2021-W22;10D1. Personer fra årgang 1972-1976 og årgang 2002-2005;14.42;0.61
2021-W22;10D2. Personer fra årgang 1977-1981 og årgang 1997-2001;3.03;0.97
2021-W22;10D3. Personer fra årgang 1982-1986 og årgang 1992-1996;1.69;1.26
2021-W22;10D4. Personer fra årgang 1987-1991;1.70;1.30
2021-W22;11. Personer fra årgang 2006-2009;0.01;0.00
2021-W22;Resterende;0.00;0.00
2021-W23;1. Plejehjemsbeboere;95.38;93.40
2021-W23;2. Borgere > 65, praktisk hjælp og personlig pleje;92.58;90.17
2021-W23;3. Borgere fra årgang 1936 og derunder (85 år og ældre);95.83;94.86
2021-W23;4. Personale i sundhedsvæsenet og dele af socialvæsenet;98.75;89.94
2021-W23;5. Udvalgte patienter med særligt øget risiko;93.42;89.59
2021-W23;6. Udvalgte pårørende til personer med særligt øget risiko;90.38;82.80
2021-W23;7. Personer fra årgang 1937-1941;96.43;94.82
2021-W23;8. Personer fra årgang 1942-1946;96.36;94.26
2021-W23;9. Personer fra årgang 1947-1956;94.75;75.47
2021-W23;10A. Personer fra årgang 1957-1961;90.33;14.63
2021-W23;10B. Personer fra årgang 1962-1966;86.06;1.50
2021-W23;10C. Personer fra årgang 1967-1971;77.04;1.10
2021-W23;10D1. Personer fra årgang 1972-1976 og årgang 2002-2005;37.95;0.74
2021-W23;10D2. Personer fra årgang 1977-1981 og årgang 1997-2001;13.01;1.52
2021-W23;10D3. Personer fra årgang 1982-1986 og årgang 1992-1996;3.38;2.75
2021-W23;10D4. Personer fra årgang 1987-1991;3.47;2.98
2021-W23;11. Personer fra årgang 2006-2009;0.01;0.00
2021-W23;Resterende;0.00;0.00
2021-W24;1. Plejehjemsbeboere;95.49;93.62
2021-W24;2. Borgere > 65, praktisk hjælp og personlig pleje;92.77;90.57
2021-W24;3. Borgere fra årgang 1936 og derunder (85 år og ældre);95.91;94.99
2021-W24;4. Personale i sundhedsvæsenet og dele af socialvæsenet;98.94;91.64
2021-W24;5. Udvalgte patienter med særligt øget risiko;93.77;90.49
2021-W24;6. Udvalgte pårørende til personer med særligt øget risiko;90.38;84.23
2021-W24;7. Personer fra årgang 1937-1941;96.55;95.18
2021-W24;8. Personer fra årgang 1942-1946;96.51;94.80
2021-W24;9. Personer fra årgang 1947-1956;95.05;86.24
2021-W24;10A. Personer fra årgang 1957-1961;91.21;36.43
2021-W24;10B. Personer fra årgang 1962-1966;88.43;3.91
2021-W24;10C. Personer fra årgang 1967-1971;83.80;1.32
2021-W24;10D1. Personer fra årgang 1972-1976 og årgang 2002-2005;59.13;0.83
2021-W24;10D2. Personer fra årgang 1977-1981 og årgang 1997-2001;31.26;1.80
2021-W24;10D3. Personer fra årgang 1982-1986 og årgang 1992-1996;5.25;3.56
2021-W24;10D4. Personer fra årgang 1987-1991;4.77;3.99
2021-W24;11. Personer fra årgang 2006-2009;0.01;0.00
2021-W24;Resterende;0.00;0.00
2021-W25;1. Plejehjemsbeboere;95.58;93.86
2021-W25;2. Borgere > 65, praktisk hjælp og personlig pleje;92.89;90.96
2021-W25;3. Borgere fra årgang 1936 og derunder (85 år og ældre);95.97;95.12
2021-W25;4. Personale i sundhedsvæsenet og dele af socialvæsenet;99.00;93.78
2021-W25;5. Udvalgte patienter med særligt øget risiko;94.04;91.39
2021-W25;6. Udvalgte pårørende til personer med særligt øget risiko;90.38;86.57
2021-W25;7. Personer fra årgang 1937-1941;96.65;95.57
2021-W25;8. Personer fra årgang 1942-1946;96.59;95.31
2021-W25;9. Personer fra årgang 1947-1956;95.24;90.98
2021-W25;10A. Personer fra årgang 1957-1961;91.70;62.37
2021-W25;10B. Personer fra årgang 1962-1966;89.31;25.37
2021-W25;10C. Personer fra årgang 1967-1971;86.20;4.22
2021-W25;10D1. Personer fra årgang 1972-1976 og årgang 2002-2005;68.40;0.97
2021-W25;10D2. Personer fra årgang 1977-1981 og årgang 1997-2001;48.54;1.94
2021-W25;10D3. Personer fra årgang 1982-1986 og årgang 1992-1996;10.41;3.93
2021-W25;10D4. Personer fra årgang 1987-1991;5.49;4.46
2021-W25;11. Personer fra årgang 2006-2009;0.01;0.00
2021-W26;1. Plejehjemsbeboere;95.67;94.08
2021-W26;2. Borgere > 65, praktisk hjælp og personlig pleje;93.00;91.32
2021-W26;3. Borgere fra årgang 1936 og derunder (85 år og ældre);96.03;95.30
2021-W26;4. Personale i sundhedsvæsenet og dele af socialvæsenet;99.00;95.52
2021-W26;5. Udvalgte patienter med særligt øget risiko;94.23;92.05
2021-W26;6. Udvalgte pårørende til personer med særligt øget risiko;90.38;87.80
2021-W26;7. Personer fra årgang 1937-1941;96.70;95.88
2021-W26;8. Personer fra årgang 1942-1946;96.66;95.71
2021-W26;9. Personer fra årgang 1947-1956;95.37;93.02
2021-W26;10A. Personer fra årgang 1957-1961;92.02;80.18
2021-W26;10B. Personer fra årgang 1962-1966;89.87;53.48
2021-W26;10C. Personer fra årgang 1967-1971;87.24;28.26
2021-W26;10D1. Personer fra årgang 1972-1976 og årgang 2002-2005;74.54;2.53
2021-W26;10D2. Personer fra årgang 1977-1981 og årgang 1997-2001;59.35;2.08
2021-W26;10D3. Personer fra årgang 1982-1986 og årgang 1992-1996;18.06;4.13
2021-W26;10D4. Personer fra årgang 1987-1991;5.93;4.71
2021-W26;11. Personer fra årgang 2006-2009;0.02;0.00
2021-W27;1. Plejehjemsbeboere;95.75;94.22
2021-W27;2. Borgere > 65, praktisk hjælp og personlig pleje;93.12;91.56
2021-W27;3. Borgere fra årgang 1936 og derunder (85 år og ældre);96.08;95.43
2021-W27;4. Personale i sundhedsvæsenet og dele af socialvæsenet;99.00;96.52
2021-W27;5. Udvalgte patienter med særligt øget risiko;94.45;92.58
2021-W27;6. Udvalgte pårørende til personer med særligt øget risiko;90.38;88.99
2021-W27;7. Personer fra årgang 1937-1941;96.77;96.11
2021-W27;8. Personer fra årgang 1942-1946;96.74;96.01
2021-W27;9. Personer fra årgang 1947-1956;95.55;94.01
2021-W27;10A. Personer fra årgang 1957-1961;92.40;86.96
2021-W27;10B. Personer fra årgang 1962-1966;90.45;75.39
2021-W27;10C. Personer fra årgang 1967-1971;88.15;50.61
2021-W27;10D1. Personer fra årgang 1972-1976 og årgang 2002-2005;78.66;10.76
2021-W27;10D2. Personer fra årgang 1977-1981 og årgang 1997-2001;68.65;2.84
2021-W27;10D3. Personer fra årgang 1982-1986 og årgang 1992-1996;38.60;4.28
2021-W27;10D4. Personer fra årgang 1987-1991;18.92;4.86
2021-W27;11. Personer fra årgang 2006-2009;0.04;0.00
2021-W27;Resterende;0.00;0.00
2021-W28;1. Plejehjemsbeboere;95.88;94.38
2021-W28;2. Borgere > 65, praktisk hjælp og personlig pleje;93.22;91.77
2021-W28;3. Borgere fra årgang 1936 og derunder (85 år og ældre);96.13;95.55
2021-W28;4. Personale i sundhedsvæsenet og dele af socialvæsenet;99.00;96.98
2021-W28;5. Udvalgte patienter med særligt øget risiko;94.62;93.02
2021-W28;6. Udvalgte pårørende til personer med særligt øget risiko;90.38;90.00
2021-W28;7. Personer fra årgang 1937-1941;96.81;96.28
2021-W28;8. Personer fra årgang 1942-1946;96.80;96.22
2021-W28;9. Personer fra årgang 1947-1956;95.65;94.48
2021-W28;10A. Personer fra årgang 1957-1961;92.63;89.41
2021-W28;10B. Personer fra årgang 1962-1966;90.79;84.11
2021-W28;10C. Personer fra årgang 1967-1971;88.65;73.28
2021-W28;10D1. Personer fra årgang 1972-1976 og årgang 2002-2005;80.57;31.17
2021-W28;10D2. Personer fra årgang 1977-1981 og årgang 1997-2001;72.59;11.47
2021-W28;10D3. Personer fra årgang 1982-1986 og årgang 1992-1996;52.87;4.89
2021-W28;10D4. Personer fra årgang 1987-1991;41.65;5.10
2021-W28;11. Personer fra årgang 2006-2009;4.12;0.00
2021-W28;Resterende;0.00;0.00
2021-W29;1. Plejehjemsbeboere;95.95;94.52
2021-W29;2. Borgere > 65, praktisk hjælp og personlig pleje;93.29;92.00
2021-W29;3. Borgere fra årgang 1936 og derunder (85 år og ældre);96.16;95.66
2021-W29;4. Personale i sundhedsvæsenet og dele af socialvæsenet;99.00;97.34
2021-W29;5. Udvalgte patienter med særligt øget risiko;94.81;93.44
2021-W29;6. Udvalgte pårørende til personer med særligt øget risiko;90.38;90.00
2021-W29;7. Personer fra årgang 1937-1941;96.86;96.42
2021-W29;8. Personer fra årgang 1942-1946;96.86;96.39
2021-W29;9. Personer fra årgang 1947-1956;95.74;94.83
2021-W29;10A. Personer fra årgang 1957-1961;92.87;90.71
2021-W29;10B. Personer fra årgang 1962-1966;91.14;87.39
2021-W29;10C. Personer fra årgang 1967-1971;89.13;81.68
2021-W29;10D1. Personer fra årgang 1972-1976 og årgang 2002-2005;82.32;53.71
2021-W29;10D2. Personer fra årgang 1977-1981 og årgang 1997-2001;75.23;28.95
2021-W29;10D3. Personer fra årgang 1982-1986 og årgang 1992-1996;61.98;7.12
2021-W29;10D4. Personer fra årgang 1987-1991;54.29;5.46
2021-W29;11. Personer fra årgang 2006-2009;18.23;0.01
2021-W29;Resterende;0.00;0.00
2021-W30;1. Plejehjemsbeboere;95.95;94.63
2021-W30;2. Borgere > 65, praktisk hjælp og personlig pleje;93.35;92.13
2021-W30;3. Borgere fra årgang 1936 og derunder (85 år og ældre);96.16;95.73
2021-W30;4. Personale i sundhedsvæsenet og dele af socialvæsenet;99.00;97.61
2021-W30;5. Udvalgte patienter med særligt øget risiko;94.98;93.72
2021-W30;6. Udvalgte pårørende til personer med særligt øget risiko;90.38;90.00
2021-W30;7. Personer fra årgang 1937-1941;96.91;96.51
2021-W30;8. Personer fra årgang 1942-1946;96.91;96.49
2021-W30;9. Personer fra årgang 1947-1956;95.82;95.06
2021-W30;10A. Personer fra årgang 1957-1961;93.05;91.30
2021-W30;10B. Personer fra årgang 1962-1966;91.39;88.72
2021-W30;10C. Personer fra årgang 1967-1971;89.47;84.94
2021-W30;10D1. Personer fra årgang 1972-1976 og årgang 2002-2005;83.35;65.96
2021-W30;10D2. Personer fra årgang 1977-1981 og årgang 1997-2001;76.74;45.32
2021-W30;10D3. Personer fra årgang 1982-1986 og årgang 1992-1996;67.08;12.46
2021-W30;10D4. Personer fra årgang 1987-1991;61.97;6.83
2021-W30;11. Personer fra årgang 2006-2009;31.10;0.03
2021-W30;Resterende;0.00;0.00
2021-W31;1. Plejehjemsbeboere;95.95;94.74
2021-W31;2. Borgere > 65, praktisk hjælp og personlig pleje;93.40;92.24
2021-W31;3. Borgere fra årgang 1936 og derunder (85 år og ældre);96.19;95.80
2021-W31;4. Personale i sundhedsvæsenet og dele af socialvæsenet;99.00;97.80
2021-W31;5. Udvalgte patienter med særligt øget risiko;95.10;93.97
2021-W31;6. Udvalgte pårørende til personer med særligt øget risiko;90.38;90.00
2021-W31;7. Personer fra årgang 1937-1941;96.94;96.60
2021-W31;8. Personer fra årgang 1942-1946;96.95;96.57
2021-W31;9. Personer fra årgang 1947-1956;95.87;95.24
2021-W31;10A. Personer fra årgang 1957-1961;93.17;91.74
2021-W31;10B. Personer fra årgang 1962-1966;91.56;89.48
2021-W31;10C. Personer fra årgang 1967-1971;89.74;86.59
2021-W31;10D1. Personer fra årgang 1972-1976 og årgang 2002-2005;84.21;73.70
2021-W31;10D2. Personer fra årgang 1977-1981 og årgang 1997-2001;77.73;57.81
2021-W31;10D3. Personer fra årgang 1982-1986 og årgang 1992-1996;69.54;27.03
2021-W31;10D4. Personer fra årgang 1987-1991;65.62;15.30
2021-W31;11. Personer fra årgang 2006-2009;42.59;1.13
2021-W32;1. Plejehjemsbeboere;96.00;94.91
2021-W32;2. Borgere > 65, praktisk hjælp og personlig pleje;93.40;92.41
2021-W32;3. Borgere fra årgang 1936 og derunder (85 år og ældre);96.21;95.88
2021-W32;4. Personale i sundhedsvæsenet og dele af socialvæsenet;99.00;98.02
2021-W32;5. Udvalgte patienter med særligt øget risiko;95.22;94.29
2021-W32;6. Udvalgte pårørende til personer med særligt øget risiko;90.38;90.00
2021-W32;7. Personer fra årgang 1937-1941;96.97;96.69
2021-W32;8. Personer fra årgang 1942-1946;96.98;96.70
2021-W32;9. Personer fra årgang 1947-1956;95.92;95.47
2021-W32;10A. Personer fra årgang 1957-1961;93.29;92.27
2021-W32;10B. Personer fra årgang 1962-1966;91.71;90.28
2021-W32;10C. Personer fra årgang 1967-1971;89.98;87.87
2021-W32;10D1. Personer fra årgang 1972-1976 og årgang 2002-2005;84.87;78.33
2021-W32;10D2. Personer fra årgang 1977-1981 og årgang 1997-2001;78.55;67.90
2021-W32;10D3. Personer fra årgang 1982-1986 og årgang 1992-1996;71.19;46.83
2021-W32;10D4. Personer fra årgang 1987-1991;67.74;36.63
2021-W32;11. Personer fra årgang 2006-2009;48.89;10.32
2021-W33;1. Plejehjemsbeboere;96.00;95.05
2021-W33;2. Borgere > 65, praktisk hjælp og personlig pleje;93.45;92.54
2021-W33;3. Borgere fra årgang 1936 og derunder (85 år og ældre);96.24;95.94
2021-W33;4. Personale i sundhedsvæsenet og dele af socialvæsenet;99.00;98.16
2021-W33;5. Udvalgte patienter med særligt øget risiko;95.32;94.54
2021-W33;6. Udvalgte pårørende til personer med særligt øget risiko;90.38;90.00
2021-W33;7. Personer fra årgang 1937-1941;97.01;96.77
2021-W33;8. Personer fra årgang 1942-1946;97.02;96.78
2021-W33;9. Personer fra årgang 1947-1956;95.98;95.61
2021-W33;10A. Personer fra årgang 1957-1961;93.40;92.59
2021-W33;10B. Personer fra årgang 1962-1966;91.88;90.75
2021-W33;10C. Personer fra årgang 1967-1971;90.21;88.56
2021-W33;10D1. Personer fra årgang 1972-1976 og årgang 2002-2005;85.53;80.89
2021-W33;10D2. Personer fra årgang 1977-1981 og årgang 1997-2001;79.30;72.65
2021-W33;10D3. Personer fra årgang 1982-1986 og årgang 1992-1996;72.59;57.97
2021-W33;10D4. Personer fra årgang 1987-1991;69.59;50.66
2021-W33;11. Personer fra årgang 2006-2009;53.15;22.68
2021-W33;Resterende;0.00;0.00
2021-W34;1. Plejehjemsbeboere;96.00;95.12
2021-W34;2. Borgere > 65, praktisk hjælp og personlig pleje;93.53;92.66
2021-W34;3. Borgere fra årgang 1936 og derunder (85 år og ældre);96.28;95.98
2021-W34;4. Personale i sundhedsvæsenet og dele af socialvæsenet;99.00;98.28
2021-W34;5. Udvalgte patienter med særligt øget risiko;95.41;94.73
2021-W34;6. Udvalgte pårørende til personer med særligt øget risiko;90.38;90.00
2021-W34;7. Personer fra årgang 1937-1941;97.05;96.81
2021-W34;8. Personer fra årgang 1942-1946;97.07;96.84
2021-W34;9. Personer fra årgang 1947-1956;96.04;95.70
2021-W34;10A. Personer fra årgang 1957-1961;93.51;92.81
2021-W34;10B. Personer fra årgang 1962-1966;92.03;91.06
2021-W34;10C. Personer fra årgang 1967-1971;90.42;89.04
2021-W34;10D1. Personer fra årgang 1972-1976 og årgang 2002-2005;86.03;82.50
2021-W34;10D2. Personer fra årgang 1977-1981 og årgang 1997-2001;79.89;75.14
2021-W34;10D3. Personer fra årgang 1982-1986 og årgang 1992-1996;73.65;64.62
2021-W34;10D4. Personer fra årgang 1987-1991;70.93;59.30
2021-W34;11. Personer fra årgang 2006-2009;56.70;34.79
2021-W34;Resterende;0.00;0.00
2021-W35;1. Plejehjemsbeboere;96.00;95.17
2021-W35;2. Borgere > 65, praktisk hjælp og personlig pleje;93.60;92.74
2021-W35;3. Borgere fra årgang 1936 og derunder (85 år og ældre);96.30;96.01
2021-W35;4. Personale i sundhedsvæsenet og dele af socialvæsenet;99.00;98.35
2021-W35;5. Udvalgte patienter med særligt øget risiko;95.48;94.87
2021-W35;6. Udvalgte pårørende til personer med særligt øget risiko;90.38;90.00
2021-W35;7. Personer fra årgang 1937-1941;97.07;96.85
2021-W35;8. Personer fra årgang 1942-1946;97.10;96.89
2021-W35;9. Personer fra årgang 1947-1956;96.08;95.77
2021-W35;10A. Personer fra årgang 1957-1961;93.59;92.98
2021-W35;10B. Personer fra årgang 1962-1966;92.12;91.28
2021-W35;10C. Personer fra årgang 1967-1971;90.56;89.38
2021-W35;10D1. Personer fra årgang 1972-1976 og årgang 2002-2005;86.41;83.54
2021-W35;10D2. Personer fra årgang 1977-1981 og årgang 1997-2001;80.32;76.52
2021-W35;10D3. Personer fra årgang 1982-1986 og årgang 1992-1996;74.34;68.08
2021-W35;10D4. Personer fra årgang 1987-1991;71.80;63.87
2021-W35;11. Personer fra årgang 2006-2009;58.86;44.50
2021-W35;Resterende;0.00;0.00
2021-W36;1. Plejehjemsbeboere;96.06;95.25
2021-W36;2. Borgere > 65, praktisk hjælp og personlig pleje;93.66;92.80
2021-W36;3. Borgere fra årgang 1936 og derunder (85 år og ældre);96.30;96.04
2021-W36;4. Personale i sundhedsvæsenet og dele af socialvæsenet;99.00;98.40
2021-W36;5. Udvalgte patienter med særligt øget risiko;95.54;94.98
2021-W36;7. Personer fra årgang 1937-1941;97.09;96.89
2021-W36;8. Personer fra årgang 1942-1946;97.12;96.92
2021-W36;9. Personer fra årgang 1947-1956;96.11;95.83
2021-W36;10A. Personer fra årgang 1957-1961;93.66;93.10
2021-W36;10B. Personer fra årgang 1962-1966;92.21;91.46
2021-W36;10C. Personer fra årgang 1967-1971;90.67;89.64
2021-W36;10D1. Personer fra årgang 1972-1976 og årgang 2002-2005;86.66;84.26
2021-W36;10D2. Personer fra årgang 1977-1981 og årgang 1997-2001;80.61;77.39
2021-W36;10D3. Personer fra årgang 1982-1986 og årgang 1992-1996;74.80;69.92
2021-W36;10D4. Personer fra årgang 1987-1991;72.36;66.30
2021-W36;11. Personer fra årgang 2006-2009;60.37;50.08
2021-W36;Resterende;0.00;0.00
2021-W37;1. Plejehjemsbeboere;96.27;95.49
2021-W37;2. Borgere > 65, praktisk hjælp og personlig pleje;93.66;92.87
2021-W37;3. Borgere fra årgang 1936 og derunder (85 år og ældre);96.32;96.09
2021-W37;4. Personale i sundhedsvæsenet og dele af socialvæsenet;99.00;98.45
2021-W37;5. Udvalgte patienter med særligt øget risiko;95.59;95.07
2021-W37;7. Personer fra årgang 1937-1941;97.09;96.93
2021-W37;8. Personer fra årgang 1942-1946;97.14;96.96
2021-W37;9. Personer fra årgang 1947-1956;96.14;95.88
2021-W37;10A. Personer fra årgang 1957-1961;93.72;93.20
2021-W37;10B. Personer fra årgang 1962-1966;92.28;91.61
2021-W37;10C. Personer fra årgang 1967-1971;90.75;89.84
2021-W37;10D1. Personer fra årgang 1972-1976 og årgang 2002-2005;86.84;84.80
2021-W37;10D2. Personer fra årgang 1977-1981 og årgang 1997-2001;80.85;78.02
2021-W37;10D3. Personer fra årgang 1982-1986 og årgang 1992-1996;75.17;71.15
2021-W37;10D4. Personer fra årgang 1987-1991;72.82;67.97
2021-W37;11. Personer fra årgang 2006-2009;61.47;53.92
2021-W37;Resterende;0.00;0.00
2021-W38;1. Plejehjemsbeboere;96.51;95.78
2021-W38;2. Borgere > 65, praktisk hjælp og personlig pleje;93.71;92.94
2021-W38;3. Borgere fra årgang 1936 og derunder (85 år og ældre);96.32;96.11
2021-W38;4. Personale i sundhedsvæsenet og dele af socialvæsenet;99.00;98.48
2021-W38;5. Udvalgte patienter med særligt øget risiko;95.63;95.14
2021-W38;6. Udvalgte pårørende til personer med særligt øget risiko;90.38;90.00
2021-W38;7. Personer fra årgang 1937-1941;97.09;96.95
2021-W38;8. Personer fra årgang 1942-1946;97.16;97.01
2021-W38;9. Personer fra årgang 1947-1956;96.16;95.93
2021-W38;10A. Personer fra årgang 1957-1961;93.75;93.29
2021-W38;10B. Personer fra årgang 1962-1966;92.33;91.73
2021-W38;10C. Personer fra årgang 1967-1971;90.83;90.02
2021-W38;10D1. Personer fra årgang 1972-1976 og årgang 2002-2005;86.97;85.22
2021-W38;10D2. Personer fra årgang 1977-1981 og årgang 1997-2001;81.02;78.55
2021-W38;10D3. Personer fra årgang 1982-1986 og årgang 1992-1996;75.48;72.15
2021-W38;10D4. Personer fra årgang 1987-1991;73.20;69.30
2021-W38;11. Personer fra årgang 2006-2009;62.34;56.71
2021-W38;Resterende;0.00;0.00
2021-W39;1. Plejehjemsbeboere;96.60;95.88
2021-W39;2. Borgere > 65, praktisk hjælp og personlig pleje;93.71;93.01
2021-W39;3. Borgere fra årgang 1936 og derunder (85 år og ældre);96.32;96.11
2021-W39;4. Personale i sundhedsvæsenet og dele af socialvæsenet;99.00;98.51
2021-W39;5. Udvalgte patienter med særligt øget risiko;95.65;95.21
2021-W39;6. Udvalgte pårørende til personer med særligt øget risiko;90.38;90.00
2021-W39;7. Personer fra årgang 1937-1941;97.09;96.97
2021-W39;8. Personer fra årgang 1942-1946;97.17;97.03
2021-W39;9. Personer fra årgang 1947-1956;96.18;95.96
2021-W39;10A. Personer fra årgang 1957-1961;93.79;93.36
2021-W39;10B. Personer fra årgang 1962-1966;92.38;91.81
2021-W39;10C. Personer fra årgang 1967-1971;90.89;90.14
2021-W39;10D1. Personer fra årgang 1972-1976 og årgang 2002-2005;87.08;85.52
2021-W39;10D2. Personer fra årgang 1977-1981 og årgang 1997-2001;81.17;78.90
2021-W39;10D3. Personer fra årgang 1982-1986 og årgang 1992-1996;75.71;72.81
2021-W39;10D4. Personer fra årgang 1987-1991;73.49;70.12
2021-W39;11. Personer fra årgang 2006-2009;63.04;58.52
2021-W40;1. Plejehjemsbeboere;96.60;95.94
2021-W40;2. Borgere > 65, praktisk hjælp og personlig pleje;93.71;93.01
2021-W40;3. Borgere fra årgang 1936 og derunder (85 år og ældre);96.32;96.11
2021-W40;4. Personale i sundhedsvæsenet og dele af socialvæsenet;99.00;98.53
2021-W40;5. Udvalgte patienter med særligt øget risiko;95.69;95.26
2021-W40;7. Personer fra årgang 1937-1941;97.09;96.97
2021-W40;8. Personer fra årgang 1942-1946;97.18;97.05
2021-W40;9. Personer fra årgang 1947-1956;96.20;95.99
2021-W40;10A. Personer fra årgang 1957-1961;93.82;93.41
2021-W40;10B. Personer fra årgang 1962-1966;92.42;91.89
2021-W40;10C. Personer fra årgang 1967-1971;90.94;90.23
2021-W40;10D1. Personer fra årgang 1972-1976 og årgang 2002-2005;87.18;85.73
2021-W40;10D2. Personer fra årgang 1977-1981 og årgang 1997-2001;81.31;79.18
2021-W40;10D3. Personer fra årgang 1982-1986 og årgang 1992-1996;75.92;73.24
2021-W40;10D4. Personer fra årgang 1987-1991;73.75;70.70
2021-W40;11. Personer fra årgang 2006-2009;63.76;59.78
2021-W41;1. Plejehjemsbeboere;96.60;95.94
2021-W41;2. Borgere > 65, praktisk hjælp og personlig pleje;93.71;93.01
2021-W41;3. Borgere fra årgang 1936 og derunder (85 år og ældre);96.32;96.11
2021-W41;4. Personale i sundhedsvæsenet og dele af socialvæsenet;99.00;98.54
2021-W41;5. Udvalgte patienter med særligt øget risiko;95.69;95.27
2021-W41;6. Udvalgte pårørende til personer med særligt øget risiko;90.38;90.00
2021-W41;7. Personer fra årgang 1937-1941;97.09;96.97
2021-W41;8. Personer fra årgang 1942-1946;97.18;97.05
2021-W41;9. Personer fra årgang 1947-1956;96.20;96.00
2021-W41;10A. Personer fra årgang 1957-1961;93.82;93.43
2021-W41;10B. Personer fra årgang 1962-1966;92.43;91.91
2021-W41;10C. Personer fra årgang 1967-1971;90.95;90.26
2021-W41;10D1. Personer fra årgang 1972-1976 og årgang 2002-2005;87.21;85.80
2021-W41;10D2. Personer fra årgang 1977-1981 og årgang 1997-2001;81.35;79.26
2021-W41;10D3. Personer fra årgang 1982-1986 og årgang 1992-1996;76.00;73.37
2021-W41;10D4. Personer fra årgang 1987-1991;73.84;70.86
2021-W41;11. Personer fra årgang 2006-2009;63.94;60.10
